{"total_agencies": {"atlas": 6846, "border": 96}, "tech_distribution": {"atlas": {"Body-worn Cameras": 0.4265325981187155, "Automated License Plate Readers": 0.14928640934155044, "Drones": 0.13785274083684723, "Third-party Investigative Platforms": 0.0823061952643529, "Face Recognition": 0.07833279273434966}, "border": {"Body-worn Cameras": 0.24154589371980675, "Automated License Plate Readers": 0.1642512077294686, "Drones": 0.1111111111111111, "Camera Network": 0.06763285024154589, "Mobile Surveillance Vehicle": 0.06763285024154589}}, "vendor_distribution": {"atlas": {"Flock Safety": 887, "SoundThinking": 791, "Axon": 745}, "border": {"Axon": 15, "DJI": 6, "Terrahawk": 6}}}